{
  "parent": "projecte:alchemical_chest",
  "criteria": {
    "condenser": {
      "conditions": {
        "items": [
          {
            "items": [
              "projecte:condenser_mk1"
            ]
          }
        ]
      },
      "trigger": "minecraft:inventory_changed"
    }
  },
  "display": {
    "announce_to_chat": true,
    "description": {
      "translate": "advancements.projecte.condenser.description"
    },
    "frame": "task",
    "hidden": false,
    "icon": {
      "item": "projecte:condenser_mk1"
    },
    "show_toast": true,
    "title": {
      "translate": "advancements.projecte.condenser"
    }
  },
  "requirements": [
    [
      "condenser"
    ]
  ],
  "sends_telemetry_event": true
}