{
  "parent": "projecte:dark_matter_block",
  "criteria": {
    "dm_furnace": {
      "conditions": {
        "items": [
          {
            "items": [
              "projecte:dm_furnace"
            ]
          }
        ]
      },
      "trigger": "minecraft:inventory_changed"
    }
  },
  "display": {
    "announce_to_chat": true,
    "description": {
      "translate": "advancements.projecte.dark_matter_furnace.description"
    },
    "frame": "task",
    "hidden": false,
    "icon": {
      "item": "projecte:dm_furnace"
    },
    "show_toast": true,
    "title": {
      "translate": "advancements.projecte.dark_matter_furnace"
    }
  },
  "requirements": [
    [
      "dm_furnace"
    ]
  ],
  "sends_telemetry_event": true
}