{
  "parent": "projecte:root",
  "criteria": {
    "philosophers_stone": {
      "conditions": {
        "items": [
          {
            "items": [
              "projecte:philosophers_stone"
            ]
          }
        ]
      },
      "trigger": "minecraft:inventory_changed"
    }
  },
  "display": {
    "announce_to_chat": true,
    "description": {
      "translate": "advancements.projecte.philo_stone.description"
    },
    "frame": "task",
    "hidden": false,
    "icon": {
      "item": "projecte:philosophers_stone"
    },
    "show_toast": true,
    "title": {
      "translate": "advancements.projecte.philo_stone"
    }
  },
  "requirements": [
    [
      "philosophers_stone"
    ]
  ],
  "sends_telemetry_event": true
}