{
  "parent": "projecte:philosophers_stone",
  "criteria": {
    "trans_table": {
      "conditions": {
        "items": [
          {
            "items": [
              "projecte:transmutation_table"
            ]
          }
        ]
      },
      "trigger": "minecraft:inventory_changed"
    }
  },
  "display": {
    "announce_to_chat": true,
    "description": {
      "translate": "advancements.projecte.transmutation_table.description"
    },
    "frame": "task",
    "hidden": false,
    "icon": {
      "item": "projecte:transmutation_table"
    },
    "show_toast": true,
    "title": {
      "translate": "advancements.projecte.transmutation_table"
    }
  },
  "requirements": [
    [
      "trans_table"
    ]
  ],
  "sends_telemetry_event": true
}