{
  "parent": "minecraft:recipes/root",
  "criteria": {
    "has_catalyst": {
      "conditions": {
        "items": [
          {
            "items": [
              "projecte:nova_catalyst"
            ]
          }
        ]
      },
      "trigger": "minecraft:inventory_changed"
    },
    "has_the_recipe": {
      "conditions": {
        "recipe": "projecte:destruction_catalyst"
      },
      "trigger": "minecraft:recipe_unlocked"
    }
  },
  "requirements": [
    [
      "has_catalyst",
      "has_the_recipe"
    ]
  ],
  "rewards": {
    "recipes": [
      "projecte:destruction_catalyst"
    ]
  },
  "sends_telemetry_event": false
}