{
  "parent": "minecraft:recipes/root",
  "criteria": {
    "has_amulet": {
      "conditions": {
        "items": [
          {
            "items": [
              "projecte:volcanite_amulet"
            ]
          }
        ]
      },
      "trigger": "minecraft:inventory_changed"
    },
    "has_lava": {
      "conditions": {
        "items": [
          {
            "items": [
              "minecraft:lava_bucket"
            ]
          }
        ]
      },
      "trigger": "minecraft:inventory_changed"
    },
    "has_the_recipe": {
      "conditions": {
        "recipe": "projecte:iron_band"
      },
      "trigger": "minecraft:recipe_unlocked"
    }
  },
  "requirements": [
    [
      "has_lava",
      "has_amulet",
      "has_the_recipe"
    ]
  ],
  "rewards": {
    "recipes": [
      "projecte:iron_band"
    ]
  },
  "sends_telemetry_event": false
}