{
  "parent": "minecraft:recipes/root",
  "criteria": {
    "has_components": {
      "conditions": {
        "items": [
          {
            "items": [
              "projecte:klein_star_zwei"
            ]
          }
        ]
      },
      "trigger": "minecraft:inventory_changed"
    },
    "has_the_recipe": {
      "conditions": {
        "recipe": "projecte:klein_star_drei"
      },
      "trigger": "minecraft:recipe_unlocked"
    }
  },
  "requirements": [
    [
      "has_components",
      "has_the_recipe"
    ]
  ],
  "rewards": {
    "recipes": [
      "projecte:klein_star_drei"
    ]
  },
  "sends_telemetry_event": false
}