{
  "parent": "minecraft:recipes/root",
  "criteria": {
    "has_body": {
      "conditions": {
        "items": [
          {
            "items": [
              "projecte:body_stone"
            ]
          }
        ]
      },
      "trigger": "minecraft:inventory_changed"
    },
    "has_soul": {
      "conditions": {
        "items": [
          {
            "items": [
              "projecte:soul_stone"
            ]
          }
        ]
      },
      "trigger": "minecraft:inventory_changed"
    },
    "has_the_recipe": {
      "conditions": {
        "recipe": "projecte:life_stone"
      },
      "trigger": "minecraft:recipe_unlocked"
    }
  },
  "requirements": [
    [
      "has_body",
      "has_soul",
      "has_the_recipe"
    ]
  ],
  "rewards": {
    "recipes": [
      "projecte:life_stone"
    ]
  },
  "sends_telemetry_event": false
}