{
  "parent": "minecraft:recipes/root",
  "criteria": {
    "has_glowstone": {
      "conditions": {
        "items": [
          {
            "tag": "forge:dusts/glowstone"
          }
        ]
      },
      "trigger": "minecraft:inventory_changed"
    },
    "has_the_recipe": {
      "conditions": {
        "recipe": "projecte:philosophers_stone"
      },
      "trigger": "minecraft:recipe_unlocked"
    }
  },
  "requirements": [
    [
      "has_glowstone",
      "has_the_recipe"
    ]
  ],
  "rewards": {
    "recipes": [
      "projecte:philosophers_stone"
    ]
  },
  "sends_telemetry_event": false
}