{
  "parent": "minecraft:recipes/root",
  "criteria": {
    "has_covalence_dust": {
      "conditions": {
        "items": [
          {
            "items": [
              "projecte:low_covalence_dust"
            ]
          },
          {
            "items": [
              "projecte:medium_covalence_dust"
            ]
          },
          {
            "items": [
              "projecte:high_covalence_dust"
            ]
          }
        ]
      },
      "trigger": "minecraft:inventory_changed"
    },
    "has_the_recipe": {
      "conditions": {
        "recipe": "projecte:repair_talisman"
      },
      "trigger": "minecraft:recipe_unlocked"
    }
  },
  "requirements": [
    [
      "has_covalence_dust",
      "has_the_recipe"
    ]
  ],
  "rewards": {
    "recipes": [
      "projecte:repair_talisman"
    ]
  },
  "sends_telemetry_event": false
}