{
  "parent": "minecraft:recipes/root",
  "criteria": {
    "has_hammer": {
      "conditions": {
        "items": [
          {
            "items": [
              "projecte:rm_hammer"
            ]
          }
        ]
      },
      "trigger": "minecraft:inventory_changed"
    },
    "has_pickaxe": {
      "conditions": {
        "items": [
          {
            "items": [
              "projecte:rm_pick"
            ]
          }
        ]
      },
      "trigger": "minecraft:inventory_changed"
    },
    "has_shovel": {
      "conditions": {
        "items": [
          {
            "items": [
              "projecte:rm_shovel"
            ]
          }
        ]
      },
      "trigger": "minecraft:inventory_changed"
    },
    "has_the_recipe": {
      "conditions": {
        "recipe": "projecte:rm_morning_star"
      },
      "trigger": "minecraft:recipe_unlocked"
    }
  },
  "requirements": [
    [
      "has_hammer",
      "has_pickaxe",
      "has_shovel",
      "has_the_recipe"
    ]
  ],
  "rewards": {
    "recipes": [
      "projecte:rm_morning_star"
    ]
  },
  "sends_telemetry_event": false
}