{
  "parent": "minecraft:recipes/root",
  "criteria": {
    "has_band": {
      "conditions": {
        "items": [
          {
            "items": [
              "projecte:black_hole_band"
            ]
          }
        ]
      },
      "trigger": "minecraft:inventory_changed"
    },
    "has_gem": {
      "conditions": {
        "items": [
          {
            "items": [
              "projecte:gem_of_eternal_density"
            ]
          }
        ]
      },
      "trigger": "minecraft:inventory_changed"
    },
    "has_matter": {
      "conditions": {
        "items": [
          {
            "items": [
              "projecte:dark_matter"
            ]
          }
        ]
      },
      "trigger": "minecraft:inventory_changed"
    },
    "has_the_recipe": {
      "conditions": {
        "recipe": "projecte:void_ring"
      },
      "trigger": "minecraft:recipe_unlocked"
    }
  },
  "requirements": [
    [
      "has_matter",
      "has_band",
      "has_gem",
      "has_the_recipe"
    ]
  ],
  "rewards": {
    "recipes": [
      "projecte:void_ring"
    ]
  },
  "sends_telemetry_event": false
}