{
  "type": "minecraft:crafting_shaped",
  "category": "equipment",
  "key": {
    "H": {
      "item": "projecte:harvest_goddess_band"
    },
    "I": {
      "item": "projecte:ignition_ring"
    },
    "M": {
      "item": "projecte:red_matter"
    },
    "S": {
      "item": "projecte:swiftwolf_rending_gale"
    },
    "Z": {
      "item": "projecte:zero_ring"
    }
  },
  "pattern": [
    "ZIH",
    "SMM",
    "MMM"
  ],
  "result": {
    "item": "projecte:arcana_ring"
  },
  "show_notification": true
}