{
  "type": "forge:conditional",
  "recipes": [
    {
      "conditions": [
        {
          "type": "projecte:full_klein_stars"
        }
      ],
      "recipe": {
        "type": "minecraft:crafting_shapeless",
        "category": "equipment",
        "ingredients": [
          {
            "item": "projecte:rm_boots"
          },
          {
            "item": "projecte:swiftwolf_rending_gale"
          },
          {
            "item": "projecte:swiftwolf_rending_gale"
          },
          {
            "type": "forge:partial_nbt",
            "item": "projecte:klein_star_omega",
            "nbt": "{StoredEMC:51200000L}"
          }
        ],
        "result": {
          "item": "projecte:gem_boots"
        }
      }
    },
    {
      "conditions": [
        {
          "type": "forge:true"
        }
      ],
      "recipe": {
        "type": "minecraft:crafting_shapeless",
        "category": "equipment",
        "ingredients": [
          {
            "item": "projecte:rm_boots"
          },
          {
            "item": "projecte:swiftwolf_rending_gale"
          },
          {
            "item": "projecte:swiftwolf_rending_gale"
          },
          {
            "item": "projecte:klein_star_omega"
          }
        ],
        "result": {
          "item": "projecte:gem_boots"
        }
      }
    }
  ]
}