{
  "type": "minecraft:crafting_shapeless",
  "category": "misc",
  "ingredients": [
    {
      "item": "minecraft:charcoal"
    },
    {
      "tag": "forge:cobblestone/normal"
    },
    {
      "tag": "forge:cobblestone/normal"
    },
    {
      "tag": "forge:cobblestone/normal"
    },
    {
      "tag": "forge:cobblestone/normal"
    },
    {
      "tag": "forge:cobblestone/normal"
    },
    {
      "tag": "forge:cobblestone/normal"
    },
    {
      "tag": "forge:cobblestone/normal"
    },
    {
      "tag": "forge:cobblestone/normal"
    }
  ],
  "result": {
    "count": 40,
    "item": "projecte:low_covalence_dust"
  }
}