{
  "type": "minecraft:crafting_shaped",
  "category": "equipment",
  "group": "projecte:repair_talisman",
  "key": {
    "H": {
      "item": "projecte:high_covalence_dust"
    },
    "L": {
      "item": "projecte:low_covalence_dust"
    },
    "M": {
      "item": "projecte:medium_covalence_dust"
    },
    "P": {
      "item": "minecraft:paper"
    },
    "S": {
      "tag": "forge:string"
    }
  },
  "pattern": [
    "HML",
    "SPS",
    "LMH"
  ],
  "result": {
    "item": "projecte:repair_talisman"
  },
  "show_notification": true
}