{
  "type": "forge:conditional",
  "recipes": [
    {
      "conditions": [
        {
          "type": "projecte:tome_enabled"
        },
        {
          "type": "projecte:full_klein_stars"
        }
      ],
      "recipe": {
        "type": "minecraft:crafting_shaped",
        "category": "equipment",
        "group": "projecte:tome",
        "key": {
          "B": {
            "item": "minecraft:book"
          },
          "H": {
            "item": "projecte:high_covalence_dust"
          },
          "K": {
            "type": "forge:partial_nbt",
            "item": "projecte:klein_star_omega",
            "nbt": "{StoredEMC:51200000L}"
          },
          "L": {
            "item": "projecte:low_covalence_dust"
          },
          "M": {
            "item": "projecte:medium_covalence_dust"
          }
        },
        "pattern": [
          "HML",
          "KBK",
          "LMH"
        ],
        "result": {
          "item": "projecte:tome"
        },
        "show_notification": true
      }
    },
    {
      "conditions": [
        {
          "type": "projecte:tome_enabled"
        }
      ],
      "recipe": {
        "type": "minecraft:crafting_shaped",
        "category": "equipment",
        "group": "projecte:tome",
        "key": {
          "B": {
            "item": "minecraft:book"
          },
          "H": {
            "item": "projecte:high_covalence_dust"
          },
          "K": {
            "item": "projecte:klein_star_omega"
          },
          "L": {
            "item": "projecte:low_covalence_dust"
          },
          "M": {
            "item": "projecte:medium_covalence_dust"
          }
        },
        "pattern": [
          "HML",
          "KBK",
          "LMH"
        ],
        "result": {
          "item": "projecte:tome"
        },
        "show_notification": true
      }
    }
  ]
}