{
  "processors": [
    {
      "rules": [
        {
          "output_state": {
            "Name": "quark:spruce_chest"
          },
          "block_entity_modifier": {
            "type": "minecraft:append_loot",
            "loot_table": "integrated_stronghold:chests/grand_library"
          },
          "input_predicate": {
            "block": "quark:spruce_bookshelf",
            "probability": 0.04,
            "predicate_type": "minecraft:random_block_match"
          },
          "location_predicate": {
            "predicate_type": "minecraft:always_true"
          }
        },
        {
          "output_state": {
            "Name": "quark:dark_oak_chest"
          },
          "block_entity_modifier": {
            "type": "minecraft:append_loot",
            "loot_table": "integrated_stronghold:chests/grand_library"
          },
          "input_predicate": {
            "block": "quark:dark_oak_bookshelf",
            "probability": 0.03,
            "predicate_type": "minecraft:random_block_match"
          },
          "location_predicate": {
            "predicate_type": "minecraft:always_true"
          }
        },
        {
          "output_state": {
            "Name": "minecraft:spawner"
          },
          "input_predicate": {
            "block": "quark:dark_oak_bookshelf",
            "probability": 0.08,
            "predicate_type": "minecraft:random_block_match"
          },
          "location_predicate": {
            "predicate_type": "minecraft:always_true"
          }
        }
      ],
      "processor_type": "minecraft:rule"
    },
    {
      "processor_type": "integrated_api:waterlogging_fix_processor"
    },
    {
      "processor_type": "integrated_api:remove_floating_blocks_processor"
    },
    {
      "processor_type": "integrated_api:spawner_randomizing_processor",
      "integrated_api_spawner_resourcelocation": "integrated_stronghold:library",
      "valid_block_light_level": {
        "min_inclusive": 0,
        "max_inclusive": 7
      },
      "delay": 20,
      "max_nearby_entities": 6,
      "max_spawn_delay": 800,
      "min_spawn_delay": 200,
      "required_player_range": 16,
      "spawn_count": 4,
      "spawn_range": 4
    }
  ]
}