{
  "processors": [
    {
      "processor_type": "integrated_api:waterlogging_fix_processor"
    },
    {
      "processor_type": "integrated_api:remove_floating_blocks_processor"
    },
    {
      "processor_type": "integrated_api:fill_end_portal_frame_processor",
      "probability_per_block": 0.1
    },
    {
      "processor_type": "integrated_api:tick_blocks_processor",
      "blocks_to_tick": [
        "minecraft:dispenser"
      ]
    },
    {
      "processor_type": "integrated_api:spawner_randomizing_processor",
      "integrated_api_spawner_resourcelocation": "integrated_stronghold:portal_room",
      "valid_block_light_level": {
        "min_inclusive": 0,
        "max_inclusive": 7
      },
      "delay": 20,
      "max_nearby_entities": 6,
      "max_spawn_delay": 800,
      "min_spawn_delay": 200,
      "required_player_range": 16,
      "spawn_count": 4,
      "spawn_range": 4
    }
  ]
}