{
  "type": "integrated_api:generic_structure",
  "biomes": "#integrated_stronghold:has_structure/integrated_stronghold",
  "start_pool": "integrated_stronghold:fountain/fountain",
  "rotation_fixed": true,
  "size": 30,
  "step": "strongholds",
  "max_distance_from_center": 128,
  "start_height": {
    "type": "minecraft:uniform",
    "min_inclusive": {
      "absolute": 15
    },
    "max_inclusive": {
      "absolute": 15
    }
  },
  "spawn_overrides": {
    "monster": {
      "bounding_box": "piece",
      "spawns": [
        {
          "type": "minecraft:silverfish",
          "weight": 1,
          "minCount": 1,
          "maxCount": 2
        },
        {
          "type": "minecraft:enderman",
          "weight": 1,
          "minCount": 1,
          "maxCount": 1
        }
      ]
    }
  }
}