{
  "comment": "Default values for vanilla items.",
  "groups": {
    "chainmail": {
      "comment": "Propagate iron armor values to chainmail armor as they are close enough that their difficulties balance out.",
      "conversions": [
        {
          "ingredients": [
            "minecraft:iron_helmet"
          ],
          "output": "minecraft:chainmail_helmet"
        },
        {
          "ingredients": [
            "minecraft:iron_chestplate"
          ],
          "output": "minecraft:chainmail_chestplate"
        },
        {
          "ingredients": [
            "minecraft:iron_leggings"
          ],
          "output": "minecraft:chainmail_leggings"
        },
        {
          "ingredients": [
            "minecraft:iron_boots"
          ],
          "output": "minecraft:chainmail_boots"
        }
      ]
    },
    "concrete_powder_to_block": {
      "comment": "Propagate concrete powder values to concrete blocks.",
      "conversions": [
        {
          "ingredients": [
            "minecraft:white_concrete_powder"
          ],
          "output": "minecraft:white_concrete"
        },
        {
          "ingredients": [
            "minecraft:orange_concrete_powder"
          ],
          "output": "minecraft:orange_concrete"
        },
        {
          "ingredients": [
            "minecraft:magenta_concrete_powder"
          ],
          "output": "minecraft:magenta_concrete"
        },
        {
          "ingredients": [
            "minecraft:light_blue_concrete_powder"
          ],
          "output": "minecraft:light_blue_concrete"
        },
        {
          "ingredients": [
            "minecraft:yellow_concrete_powder"
          ],
          "output": "minecraft:yellow_concrete"
        },
        {
          "ingredients": [
            "minecraft:lime_concrete_powder"
          ],
          "output": "minecraft:lime_concrete"
        },
        {
          "ingredients": [
            "minecraft:pink_concrete_powder"
          ],
          "output": "minecraft:pink_concrete"
        },
        {
          "ingredients": [
            "minecraft:gray_concrete_powder"
          ],
          "output": "minecraft:gray_concrete"
        },
        {
          "ingredients": [
            "minecraft:light_gray_concrete_powder"
          ],
          "output": "minecraft:light_gray_concrete"
        },
        {
          "ingredients": [
            "minecraft:cyan_concrete_powder"
          ],
          "output": "minecraft:cyan_concrete"
        },
        {
          "ingredients": [
            "minecraft:purple_concrete_powder"
          ],
          "output": "minecraft:purple_concrete"
        },
        {
          "ingredients": [
            "minecraft:blue_concrete_powder"
          ],
          "output": "minecraft:blue_concrete"
        },
        {
          "ingredients": [
            "minecraft:brown_concrete_powder"
          ],
          "output": "minecraft:brown_concrete"
        },
        {
          "ingredients": [
            "minecraft:green_concrete_powder"
          ],
          "output": "minecraft:green_concrete"
        },
        {
          "ingredients": [
            "minecraft:red_concrete_powder"
          ],
          "output": "minecraft:red_concrete"
        },
        {
          "ingredients": [
            "minecraft:black_concrete_powder"
          ],
          "output": "minecraft:black_concrete"
        }
      ]
    },
    "damaged_anvil": {
      "comment": "Calculates values for chipped and damaged anvils based on the average of surviving for 25 uses.",
      "conversions": [
        {
          "count": 25,
          "ingredients": {
            "minecraft:anvil": 16
          },
          "output": "minecraft:chipped_anvil"
        },
        {
          "count": 25,
          "ingredients": {
            "minecraft:anvil": 7
          },
          "output": "minecraft:damaged_anvil"
        }
      ]
    },
    "default": {
      "comment": "Default conversion group.",
      "conversions": [
        {
          "ingredients": {
            "minecraft:dirt": 2
          },
          "output": "minecraft:grass_block"
        },
        {
          "ingredients": {
            "minecraft:dirt": 2
          },
          "output": "minecraft:podzol"
        },
        {
          "ingredients": [
            "minecraft:dirt",
            "minecraft:hanging_roots"
          ],
          "output": "minecraft:rooted_dirt"
        },
        {
          "ingredients": {
            "minecraft:dirt": 2
          },
          "output": "minecraft:mycelium"
        },
        {
          "ingredients": {
            "minecraft:dirt": 1,
            "minecraft:glass_bottle": -1,
            "minecraft:potion{Potion:\"minecraft:water\"}": 1
          },
          "output": "minecraft:mud"
        },
        {
          "ingredients": {
            "minecraft:netherrack": 2
          },
          "output": "minecraft:crimson_nylium"
        },
        {
          "ingredients": {
            "minecraft:netherrack": 2
          },
          "output": "minecraft:warped_nylium"
        },
        {
          "ingredients": {
            "#forge:ingots/iron": 8
          },
          "output": "minecraft:iron_horse_armor"
        },
        {
          "ingredients": {
            "#forge:ingots/gold": 8
          },
          "output": "minecraft:golden_horse_armor"
        },
        {
          "ingredients": {
            "#forge:gems/diamond": 8
          },
          "output": "minecraft:diamond_horse_armor"
        },
        {
          "count": 9,
          "ingredients": [
            "minecraft:music_disc_5"
          ],
          "output": "minecraft:disc_fragment_5"
        },
        {
          "ingredients": [
            "minecraft:pumpkin"
          ],
          "output": "minecraft:carved_pumpkin"
        },
        {
          "ingredients": [
            "minecraft:torchflower"
          ],
          "output": "minecraft:torchflower_seeds"
        },
        {
          "ingredients": [
            "minecraft:pitcher_plant"
          ],
          "output": "minecraft:pitcher_pod"
        },
        {
          "ingredients": [
            "minecraft:book"
          ],
          "output": "minecraft:enchanted_book"
        },
        {
          "ingredients": {
            "#forge:storage_blocks/gold": 8,
            "minecraft:apple": 1
          },
          "output": "minecraft:enchanted_golden_apple"
        },
        {
          "ingredients": [
            "minecraft:bamboo_block"
          ],
          "output": "minecraft:stripped_bamboo_block"
        },
        {
          "ingredients": {
            "#forge:gems/emerald": 3
          },
          "output": "minecraft:globe_banner_pattern"
        },
        {
          "ingredients": [
            "minecraft:gravel"
          ],
          "output": "minecraft:suspicious_gravel"
        },
        {
          "ingredients": [
            "minecraft:sand"
          ],
          "output": "minecraft:suspicious_sand"
        },
        {
          "ingredients": [
            "minecraft:sponge"
          ],
          "output": "minecraft:wet_sponge"
        },
        {
          "ingredients": {
            "#forge:ingots/gold": 7
          },
          "output": "minecraft:bell"
        },
        {
          "count": 3,
          "ingredients": [
            "minecraft:honey_bottle"
          ],
          "output": "minecraft:honeycomb"
        },
        {
          "ingredients": {
            "minecraft:bucket": 1,
            "minecraft:snow_block": 4
          },
          "output": "minecraft:powder_snow_bucket"
        },
        {
          "ingredients": [
            "minecraft:ink_sac",
            "#forge:dusts/glowstone"
          ],
          "output": "minecraft:glow_ink_sac"
        },
        {
          "ingredients": [
            "#forge:rods/wooden"
          ],
          "output": "minecraft:hanging_roots"
        },
        {
          "ingredients": [
            "minecraft:bowl",
            "minecraft:brown_mushroom",
            "minecraft:red_mushroom",
            "#minecraft:small_flowers"
          ],
          "output": "minecraft:suspicious_stew"
        },
        {
          "ingredients": [
            "minecraft:water_bucket",
            "minecraft:pufferfish"
          ],
          "output": "minecraft:pufferfish_bucket"
        },
        {
          "ingredients": [
            "minecraft:water_bucket",
            "minecraft:salmon"
          ],
          "output": "minecraft:salmon_bucket"
        },
        {
          "ingredients": [
            "minecraft:water_bucket",
            "minecraft:cod"
          ],
          "output": "minecraft:cod_bucket"
        },
        {
          "ingredients": [
            "minecraft:water_bucket",
            "minecraft:tropical_fish"
          ],
          "output": "minecraft:tropical_fish_bucket"
        },
        {
          "ingredients": [
            "minecraft:glass_bottle",
            "FAKE|single_emc"
          ],
          "output": "minecraft:dragon_breath"
        },
        {
          "ingredients": [
            "minecraft:soul_sand"
          ],
          "output": "minecraft:soul_soil"
        },
        {
          "ingredients": [
            "minecraft:nether_wart_block"
          ],
          "output": "minecraft:warped_wart_block"
        },
        {
          "ingredients": [
            "minecraft:glowstone_dust",
            "#forge:mushrooms"
          ],
          "output": "minecraft:shroomlight"
        },
        {
          "count": 3,
          "ingredients": [
            "minecraft:magma_cream"
          ],
          "output": "minecraft:ochre_froglight"
        },
        {
          "count": 3,
          "ingredients": [
            "minecraft:magma_cream"
          ],
          "output": "minecraft:pearlescent_froglight"
        },
        {
          "count": 3,
          "ingredients": [
            "minecraft:magma_cream"
          ],
          "output": "minecraft:verdant_froglight"
        },
        {
          "ingredients": {
            "minecraft:sculk_vein": 4
          },
          "output": "minecraft:sculk"
        },
        {
          "ingredients": {
            "minecraft:comparator": 4,
            "minecraft:repeater": 4,
            "minecraft:sculk": 1
          },
          "output": "minecraft:sculk_sensor"
        },
        {
          "ingredients": {
            "minecraft:sculk_catalyst": 4
          },
          "output": "minecraft:sculk_shrieker"
        }
      ]
    },
    "dirt_path": {
      "comment": "Adds the various valid conversions into dirt paths.",
      "conversions": [
        {
          "ingredients": [
            "minecraft:grass_block"
          ],
          "output": "minecraft:dirt_path"
        },
        {
          "ingredients": [
            "minecraft:dirt"
          ],
          "output": "minecraft:dirt_path"
        },
        {
          "ingredients": [
            "minecraft:podzol"
          ],
          "output": "minecraft:dirt_path"
        },
        {
          "ingredients": [
            "minecraft:coarse_dirt"
          ],
          "output": "minecraft:dirt_path"
        },
        {
          "ingredients": [
            "minecraft:mycelium"
          ],
          "output": "minecraft:dirt_path"
        },
        {
          "ingredients": [
            "minecraft:rooted_dirt"
          ],
          "output": "minecraft:dirt_path"
        }
      ]
    },
    "fluid": {
      "comment": "Calculates the costs of filled buckets and some fluids.",
      "conversions": [
        {
          "count": 1000,
          "ingredients": [
            "minecraft:obsidian"
          ],
          "output": "FLUID|#minecraft:lava"
        },
        {
          "count": 1000,
          "ingredients": {
            "FAKE|single_emc": 16
          },
          "output": "FLUID|#forge:milk"
        },
        {
          "ingredients": {
            "FLUID|#minecraft:water": 1000,
            "minecraft:bucket": 1
          },
          "output": "minecraft:water_bucket"
        },
        {
          "ingredients": {
            "FLUID|#minecraft:lava": 1000,
            "minecraft:bucket": 1
          },
          "output": "minecraft:lava_bucket"
        },
        {
          "ingredients": {
            "FLUID|#forge:milk": 1000,
            "minecraft:bucket": 1
          },
          "output": "minecraft:milk_bucket"
        }
      ]
    },
    "shulker_box_recoloring": {
      "comment": "Propagate shulker box values to colored variants.",
      "conversions": [
        {
          "ingredients": [
            "minecraft:shulker_box",
            "#forge:dyes/white"
          ],
          "output": "minecraft:white_shulker_box"
        },
        {
          "ingredients": [
            "minecraft:shulker_box",
            "#forge:dyes/orange"
          ],
          "output": "minecraft:orange_shulker_box"
        },
        {
          "ingredients": [
            "minecraft:shulker_box",
            "#forge:dyes/magenta"
          ],
          "output": "minecraft:magenta_shulker_box"
        },
        {
          "ingredients": [
            "minecraft:shulker_box",
            "#forge:dyes/light_blue"
          ],
          "output": "minecraft:light_blue_shulker_box"
        },
        {
          "ingredients": [
            "minecraft:shulker_box",
            "#forge:dyes/yellow"
          ],
          "output": "minecraft:yellow_shulker_box"
        },
        {
          "ingredients": [
            "minecraft:shulker_box",
            "#forge:dyes/lime"
          ],
          "output": "minecraft:lime_shulker_box"
        },
        {
          "ingredients": [
            "minecraft:shulker_box",
            "#forge:dyes/pink"
          ],
          "output": "minecraft:pink_shulker_box"
        },
        {
          "ingredients": [
            "minecraft:shulker_box",
            "#forge:dyes/gray"
          ],
          "output": "minecraft:gray_shulker_box"
        },
        {
          "ingredients": [
            "minecraft:shulker_box",
            "#forge:dyes/light_gray"
          ],
          "output": "minecraft:light_gray_shulker_box"
        },
        {
          "ingredients": [
            "minecraft:shulker_box",
            "#forge:dyes/cyan"
          ],
          "output": "minecraft:cyan_shulker_box"
        },
        {
          "ingredients": [
            "minecraft:shulker_box",
            "#forge:dyes/purple"
          ],
          "output": "minecraft:purple_shulker_box"
        },
        {
          "ingredients": [
            "minecraft:shulker_box",
            "#forge:dyes/blue"
          ],
          "output": "minecraft:blue_shulker_box"
        },
        {
          "ingredients": [
            "minecraft:shulker_box",
            "#forge:dyes/brown"
          ],
          "output": "minecraft:brown_shulker_box"
        },
        {
          "ingredients": [
            "minecraft:shulker_box",
            "#forge:dyes/green"
          ],
          "output": "minecraft:green_shulker_box"
        },
        {
          "ingredients": [
            "minecraft:shulker_box",
            "#forge:dyes/red"
          ],
          "output": "minecraft:red_shulker_box"
        },
        {
          "ingredients": [
            "minecraft:shulker_box",
            "#forge:dyes/black"
          ],
          "output": "minecraft:black_shulker_box"
        }
      ]
    }
  },
  "values": {
    "before": {
      "#forge:crops/beetroot": 64,
      "#forge:crops/carrot": 64,
      "#forge:crops/nether_wart": 24,
      "#forge:crops/potato": 64,
      "#forge:crops/wheat": 24,
      "#forge:dusts/glowstone": 384,
      "#forge:dusts/redstone": 64,
      "#forge:gems/diamond": 8192,
      "#forge:gems/emerald": 16384,
      "#forge:gems/quartz": 256,
      "#forge:nether_stars": 139264,
      "#forge:rods/wooden": 4,
      "#forge:seeds/beetroot": 16,
      "#forge:seeds/wheat": 16,
      "#minecraft:decorated_pot_sherds": 216,
      "#minecraft:leaves": 1,
      "#minecraft:logs": 32,
      "#minecraft:music_discs": 2048,
      "#minecraft:planks": 8,
      "#minecraft:saplings": 32,
      "#minecraft:small_flowers": 16,
      "#minecraft:tall_flowers": 32,
      "#minecraft:wool": 48,
      "FAKE|single_emc": 1,
      "FLUID|#minecraft:water": "free",
      "minecraft:andesite": 16,
      "minecraft:apple": 128,
      "minecraft:bamboo": 32,
      "minecraft:basalt": 4,
      "minecraft:beef": 64,
      "minecraft:big_dripleaf": 32,
      "minecraft:blackstone": 4,
      "minecraft:blaze_rod": 1536,
      "minecraft:bone": 144,
      "minecraft:brain_coral": 16,
      "minecraft:brain_coral_block": 64,
      "minecraft:brain_coral_fan": 16,
      "minecraft:brown_mushroom": 32,
      "minecraft:bubble_coral": 16,
      "minecraft:bubble_coral_block": 64,
      "minecraft:bubble_coral_fan": 16,
      "minecraft:cactus": 8,
      "minecraft:calcite": 32,
      "minecraft:chicken": 64,
      "minecraft:chorus_flower": 96,
      "minecraft:chorus_fruit": 192,
      "minecraft:chorus_plant": 64,
      "minecraft:clay_ball": 16,
      "minecraft:coal": 128,
      "minecraft:coast_armor_trim_smithing_template": 12271,
      "minecraft:cobbled_deepslate": 2,
      "minecraft:cobblestone": 1,
      "minecraft:cobweb": 12,
      "minecraft:cocoa_beans": 64,
      "minecraft:cod": 64,
      "minecraft:creeper_head": 256,
      "minecraft:crimson_fungus": 32,
      "minecraft:crimson_roots": 1,
      "minecraft:crying_obsidian": 768,
      "minecraft:dead_brain_coral": 1,
      "minecraft:dead_brain_coral_block": 4,
      "minecraft:dead_brain_coral_fan": 1,
      "minecraft:dead_bubble_coral": 1,
      "minecraft:dead_bubble_coral_block": 4,
      "minecraft:dead_bubble_coral_fan": 1,
      "minecraft:dead_bush": 1,
      "minecraft:dead_fire_coral": 1,
      "minecraft:dead_fire_coral_block": 4,
      "minecraft:dead_fire_coral_fan": 1,
      "minecraft:dead_horn_coral": 1,
      "minecraft:dead_horn_coral_block": 4,
      "minecraft:dead_horn_coral_fan": 1,
      "minecraft:dead_tube_coral": 1,
      "minecraft:dead_tube_coral_block": 4,
      "minecraft:dead_tube_coral_fan": 1,
      "minecraft:diorite": 16,
      "minecraft:dirt": 1,
      "minecraft:dragon_egg": 262144,
      "minecraft:dune_armor_trim_smithing_template": 53898,
      "minecraft:echo_shard": 192,
      "minecraft:egg": 32,
      "minecraft:end_stone": 1,
      "minecraft:ender_pearl": 1024,
      "minecraft:eye_armor_trim_smithing_template": 23017,
      "minecraft:feather": 48,
      "minecraft:fern": 1,
      "minecraft:filled_map": 1472,
      "minecraft:fire_coral": 16,
      "minecraft:fire_coral_block": 64,
      "minecraft:fire_coral_fan": 16,
      "minecraft:flint": 4,
      "minecraft:ghast_tear": 4096,
      "minecraft:glow_berries": 16,
      "minecraft:glow_lichen": 8,
      "minecraft:goat_horn{instrument:\"minecraft:admire_goat_horn\"}": 192,
      "minecraft:goat_horn{instrument:\"minecraft:call_goat_horn\"}": 192,
      "minecraft:goat_horn{instrument:\"minecraft:dream_goat_horn\"}": 192,
      "minecraft:goat_horn{instrument:\"minecraft:feel_goat_horn\"}": 96,
      "minecraft:goat_horn{instrument:\"minecraft:ponder_goat_horn\"}": 96,
      "minecraft:goat_horn{instrument:\"minecraft:seek_goat_horn\"}": 96,
      "minecraft:goat_horn{instrument:\"minecraft:sing_goat_horn\"}": 96,
      "minecraft:goat_horn{instrument:\"minecraft:yearn_goat_horn\"}": 192,
      "minecraft:granite": 16,
      "minecraft:grass": 1,
      "minecraft:gravel": 4,
      "minecraft:gunpowder": 192,
      "minecraft:heart_of_the_sea": 32768,
      "minecraft:honey_bottle": 48,
      "minecraft:horn_coral": 16,
      "minecraft:horn_coral_block": 64,
      "minecraft:horn_coral_fan": 16,
      "minecraft:host_armor_trim_smithing_template": 10176,
      "minecraft:ice": 1,
      "minecraft:ink_sac": 16,
      "minecraft:kelp": 1,
      "minecraft:lapis_lazuli": 864,
      "minecraft:large_fern": 1,
      "minecraft:lily_pad": 16,
      "minecraft:magma_block": 128,
      "minecraft:mangrove_roots": 4,
      "minecraft:melon_slice": 16,
      "minecraft:moss_block": 12,
      "minecraft:mutton": 64,
      "minecraft:name_tag": 192,
      "minecraft:nautilus_shell": 1024,
      "minecraft:nether_sprouts": 1,
      "minecraft:netherite_scrap": 12288,
      "minecraft:netherite_upgrade_smithing_template": 7497,
      "minecraft:netherrack": 1,
      "minecraft:obsidian": 64,
      "minecraft:phantom_membrane": 192,
      "minecraft:piglin_banner_pattern": 512,
      "minecraft:piglin_head": 256,
      "minecraft:pink_petals": 4,
      "minecraft:pointed_dripstone": 16,
      "minecraft:poisonous_potato": 64,
      "minecraft:porkchop": 64,
      "minecraft:prismarine_crystals": 512,
      "minecraft:prismarine_shard": 256,
      "minecraft:pufferfish": 64,
      "minecraft:pumpkin": 144,
      "minecraft:rabbit": 64,
      "minecraft:rabbit_foot": 128,
      "minecraft:rabbit_hide": 16,
      "minecraft:raiser_armor_trim_smithing_template": 10176,
      "minecraft:red_mushroom": 32,
      "minecraft:red_sand": 1,
      "minecraft:rib_armor_trim_smithing_template": 10310,
      "minecraft:rotten_flesh": 32,
      "minecraft:saddle": 192,
      "minecraft:salmon": 64,
      "minecraft:sand": 1,
      "minecraft:sculk_catalyst": 8040,
      "minecraft:sculk_vein": 4,
      "minecraft:scute": 96,
      "minecraft:sea_pickle": 16,
      "minecraft:seagrass": 1,
      "minecraft:sentry_armor_trim_smithing_template": 57345,
      "minecraft:shaper_armor_trim_smithing_template": 10176,
      "minecraft:shulker_shell": 2048,
      "minecraft:silence_armor_trim_smithing_template": 39465,
      "minecraft:skeleton_skull": 256,
      "minecraft:slime_ball": 32,
      "minecraft:small_dripleaf": 24,
      "minecraft:sniffer_egg": 2048,
      "minecraft:snout_armor_trim_smithing_template": 7533,
      "minecraft:snow": 1,
      "minecraft:snowball": 1,
      "minecraft:soul_sand": 49,
      "minecraft:spider_eye": 128,
      "minecraft:spire_armor_trim_smithing_template": 18588,
      "minecraft:sponge": 128,
      "minecraft:spore_blossom": 64,
      "minecraft:string": 12,
      "minecraft:sugar_cane": 32,
      "minecraft:sweet_berries": 16,
      "minecraft:tall_grass": 1,
      "minecraft:tide_armor_trim_smithing_template": 22116,
      "minecraft:trident": 16398,
      "minecraft:tropical_fish": 64,
      "minecraft:tube_coral": 16,
      "minecraft:tube_coral_block": 64,
      "minecraft:tube_coral_fan": 16,
      "minecraft:tuff": 4,
      "minecraft:turtle_egg": 192,
      "minecraft:twisting_vines": 8,
      "minecraft:vex_armor_trim_smithing_template": 51917,
      "minecraft:vine": 8,
      "minecraft:ward_armor_trim_smithing_template": 19677,
      "minecraft:warped_fungus": 32,
      "minecraft:warped_roots": 1,
      "minecraft:wayfinder_armor_trim_smithing_template": 10176,
      "minecraft:weeping_vines": 8,
      "minecraft:wild_armor_trim_smithing_template": 42641,
      "minecraft:zombie_head": 256
    }
  }
}