{
  "advancements": [
    {
      "advancement": {
        "parent": "minecraft:recipes/root",
        "criteria": {
          "has_boots": {
            "conditions": {
              "items": [
                {
                  "items": [
                    "projecte:rm_boots"
                  ]
                }
              ]
            },
            "trigger": "minecraft:inventory_changed"
          },
          "has_the_recipe": {
            "conditions": {
              "recipe": "projecte:gem_boots"
            },
            "trigger": "minecraft:recipe_unlocked"
          }
        },
        "requirements": [
          [
            "has_boots",
            "has_the_recipe"
          ]
        ],
        "rewards": {
          "recipes": [
            "projecte:gem_boots"
          ]
        },
        "sends_telemetry_event": false
      },
      "conditions": [
        {
          "type": "projecte:full_klein_stars"
        }
      ]
    },
    {
      "advancement": {
        "parent": "minecraft:recipes/root",
        "criteria": {
          "has_boots": {
            "conditions": {
              "items": [
                {
                  "items": [
                    "projecte:rm_boots"
                  ]
                }
              ]
            },
            "trigger": "minecraft:inventory_changed"
          },
          "has_the_recipe": {
            "conditions": {
              "recipe": "projecte:gem_boots"
            },
            "trigger": "minecraft:recipe_unlocked"
          }
        },
        "requirements": [
          [
            "has_boots",
            "has_the_recipe"
          ]
        ],
        "rewards": {
          "recipes": [
            "projecte:gem_boots"
          ]
        },
        "sends_telemetry_event": false
      },
      "conditions": [
        {
          "type": "forge:true"
        }
      ]
    }
  ]
}