{
  "type": "minecraft:crafting_shapeless",
  "category": "misc",
  "ingredients": [
    {
      "item": "projecte:philosophers_stone"
    },
    {
      "tag": "forge:ingots/iron"
    },
    {
      "tag": "forge:ingots/iron"
    },
    {
      "tag": "forge:ingots/iron"
    },
    {
      "tag": "forge:ingots/iron"
    },
    {
      "tag": "forge:ingots/iron"
    },
    {
      "tag": "forge:ingots/iron"
    },
    {
      "tag": "forge:ingots/iron"
    },
    {
      "tag": "forge:ingots/iron"
    }
  ],
  "result": {
    "item": "minecraft:gold_ingot"
  }
}