{
  "parent": "minecraft:recipes/root",
  "criteria": {
    "has_diamond": {
      "conditions": {
        "items": [
          {
            "tag": "forge:storage_blocks/diamond"
          }
        ]
      },
      "trigger": "minecraft:inventory_changed"
    },
    "has_the_recipe": {
      "conditions": {
        "recipe": "projecte:collector_mk1"
      },
      "trigger": "minecraft:recipe_unlocked"
    }
  },
  "requirements": [
    [
      "has_diamond",
      "has_the_recipe"
    ]
  ],
  "rewards": {
    "recipes": [
      "projecte:collector_mk1"
    ]
  },
  "sends_telemetry_event": false
}