{
  "parent": "minecraft:recipes/root",
  "criteria": {
    "has_charcoal": {
      "conditions": {
        "items": [
          {
            "items": [
              "projecte:philosophers_stone"
            ]
          },
          {
            "items": [
              "minecraft:charcoal"
            ]
          }
        ]
      },
      "trigger": "minecraft:inventory_changed"
    },
    "has_the_recipe": {
      "conditions": {
        "recipe": "projecte:conversions/charcoal_to_coal"
      },
      "trigger": "minecraft:recipe_unlocked"
    }
  },
  "requirements": [
    [
      "has_charcoal",
      "has_the_recipe"
    ]
  ],
  "rewards": {
    "recipes": [
      "projecte:conversions/charcoal_to_coal"
    ]
  },
  "sends_telemetry_event": false
}