{
  "parent": "minecraft:recipes/root",
  "criteria": {
    "has_diamond": {
      "conditions": {
        "items": [
          {
            "items": [
              "projecte:philosophers_stone"
            ]
          },
          {
            "tag": "forge:gems/diamond"
          }
        ]
      },
      "trigger": "minecraft:inventory_changed"
    },
    "has_the_recipe": {
      "conditions": {
        "recipe": "projecte:conversions/diamond_to_emerald"
      },
      "trigger": "minecraft:recipe_unlocked"
    }
  },
  "requirements": [
    [
      "has_diamond",
      "has_the_recipe"
    ]
  ],
  "rewards": {
    "recipes": [
      "projecte:conversions/diamond_to_emerald"
    ]
  },
  "sends_telemetry_event": false
}