{
  "parent": "minecraft:recipes/root",
  "criteria": {
    "has_arcana_ring": {
      "conditions": {
        "items": [
          {
            "items": [
              "projecte:arcana_ring"
            ]
          }
        ]
      },
      "trigger": "minecraft:inventory_changed"
    },
    "has_the_recipe": {
      "conditions": {
        "recipe": "projecte:conversions/dirt_to_grass"
      },
      "trigger": "minecraft:recipe_unlocked"
    }
  },
  "requirements": [
    [
      "has_arcana_ring",
      "has_the_recipe"
    ]
  ],
  "rewards": {
    "recipes": [
      "projecte:conversions/dirt_to_grass"
    ]
  },
  "sends_telemetry_event": false
}