{
  "parent": "minecraft:recipes/root",
  "criteria": {
    "has_gold_ingot": {
      "conditions": {
        "items": [
          {
            "items": [
              "projecte:philosophers_stone"
            ]
          },
          {
            "tag": "forge:ingots/gold"
          }
        ]
      },
      "trigger": "minecraft:inventory_changed"
    },
    "has_the_recipe": {
      "conditions": {
        "recipe": "projecte:conversions/gold_ingot_to_diamond"
      },
      "trigger": "minecraft:recipe_unlocked"
    }
  },
  "requirements": [
    [
      "has_gold_ingot",
      "has_the_recipe"
    ]
  ],
  "rewards": {
    "recipes": [
      "projecte:conversions/gold_ingot_to_diamond"
    ]
  },
  "sends_telemetry_event": false
}