{
  "parent": "minecraft:recipes/root",
  "criteria": {
    "has_mobius_fuel": {
      "conditions": {
        "items": [
          {
            "items": [
              "projecte:philosophers_stone"
            ]
          },
          {
            "items": [
              "projecte:mobius_fuel"
            ]
          }
        ]
      },
      "trigger": "minecraft:inventory_changed"
    },
    "has_the_recipe": {
      "conditions": {
        "recipe": "projecte:aeternalis_fuel"
      },
      "trigger": "minecraft:recipe_unlocked"
    }
  },
  "requirements": [
    [
      "has_mobius_fuel",
      "has_the_recipe"
    ]
  ],
  "rewards": {
    "recipes": [
      "projecte:aeternalis_fuel"
    ]
  },
  "sends_telemetry_event": false
}