{
  "parent": "minecraft:recipes/root",
  "criteria": {
    "has_cobble": {
      "conditions": {
        "items": [
          {
            "tag": "forge:cobblestone/normal"
          }
        ]
      },
      "trigger": "minecraft:inventory_changed"
    },
    "has_the_recipe": {
      "conditions": {
        "recipe": "projecte:low_covalence_dust"
      },
      "trigger": "minecraft:recipe_unlocked"
    }
  },
  "requirements": [
    [
      "has_cobble",
      "has_the_recipe"
    ]
  ],
  "rewards": {
    "recipes": [
      "projecte:low_covalence_dust"
    ]
  },
  "sends_telemetry_event": false
}