{
  "parent": "minecraft:recipes/root",
  "criteria": {
    "has_matter": {
      "conditions": {
        "items": [
          {
            "items": [
              "projecte:dark_matter"
            ]
          }
        ]
      },
      "trigger": "minecraft:inventory_changed"
    },
    "has_the_recipe": {
      "conditions": {
        "recipe": "projecte:red_matter"
      },
      "trigger": "minecraft:recipe_unlocked"
    }
  },
  "requirements": [
    [
      "has_matter",
      "has_the_recipe"
    ]
  ],
  "rewards": {
    "recipes": [
      "projecte:red_matter"
    ]
  },
  "sends_telemetry_event": false
}